id,first_name,last_name,email,gender,ip_address
1,Vassili,Denisyev,vdenisyev0@exblog.jp,Male,71.24.12.76
2,Katya,Loghan,kloghan1@studiopress.com,Female,144.117.28.173
3,Dallon,Mishaw,dmishaw2@washington.edu,Male,44.202.253.235
4,Eldredge,Jenny,ejenny3@g.co,Male,99.251.235.107
5,Gradey,Melmar,gmelmar4@omniture.com,Male,66.192.191.160
6,Katerina,Slamaker,kslamaker5@twitpic.com,Female,170.127.254.96
7,Betteann,Ratcliffe,bratcliffe6@europa.eu,Female,113.77.147.253
8,Cyril,Reicherz,creicherz7@soup.io,Male,30.214.52.225
9,Deborah,Kohn,dkohn8@whitehouse.gov,Female,231.46.120.125
10,Leesa,Knott,lknott9@amazonaws.com,Female,213.112.147.196
11,Midge,Boyford,mboyforda@freewebs.com,Female,216.137.242.177
12,Veronique,Walesby,vwalesbyb@surveymonkey.com,Female,164.194.32.7
13,Arthur,Aisbett,aaisbettc@tuttocitta.it,Male,114.214.195.206
14,Odelle,Ridger,oridgerd@amazon.co.jp,Female,219.8.240.5
15,Illa,Piens,ipiense@meetup.com,Female,195.126.2.14
16,Zebulon,Senior,zseniorf@europa.eu,Male,191.244.67.115
17,Lorianne,Dils,ldilsg@pinterest.com,Female,243.173.2.53
18,Ikey,Reddell,ireddellh@woothemes.com,Male,41.31.58.107
19,Celestyna,Ambrogetti,cambrogettii@cyberchimps.com,Female,62.61.11.128
20,Willis,Essam,wessamj@businesswire.com,Male,99.199.212.178
21,Stephenie,Exter,sexterk@unicef.org,Female,93.184.164.249
22,Paquito,Coxall,pcoxalll@last.fm,Male,163.197.26.195
23,Hi,Peterken,hpeterkenm@sphinn.com,Male,3.186.178.212
24,Isidora,Hymor,ihymorn@yelp.com,Female,216.132.107.174
25,Dory,Thring,dthringo@bing.com,Male,151.144.88.149
26,Wally,Dabrowski,wdabrowskip@mayoclinic.com,Female,57.232.27.56
27,Yulma,Priel,yprielq@istockphoto.com,Male,242.6.67.198
28,Tootsie,Pauncefoot,tpauncefootr@ibm.com,Female,102.195.21.218
29,Reiko,Goathrop,rgoathrops@php.net,Female,133.157.118.46
30,Afton,Sagar,asagart@biglobe.ne.jp,Female,112.124.103.104
31,Rodina,Francescotti,rfrancescottiu@indiatimes.com,Female,200.143.80.111
32,Fletcher,Lanfear,flanfearv@youtube.com,Male,228.36.209.109
33,Wilona,Jeskin,wjeskinw@google.com,Female,76.77.158.13
34,Caresse,Franzke,cfranzkex@bandcamp.com,Female,70.84.135.7
35,Gussi,Breton,gbretony@digg.com,Female,131.67.182.91
36,Kerrill,Khomin,kkhominz@lulu.com,Female,167.252.233.235
37,Tresa,Bartels,tbartels10@census.gov,Female,16.230.202.204
38,Dar,Mew,dmew11@list-manage.com,Male,45.27.42.136
39,Gav,Macken,gmacken12@dailymail.co.uk,Male,25.110.168.189
40,Garland,Valerio,gvalerio13@berkeley.edu,Female,137.219.72.107
41,Clarence,Mullord,cmullord14@infoseek.co.jp,Male,72.160.101.252
42,Ileana,Goldhawk,igoldhawk15@behance.net,Female,241.79.18.203
43,Hope,Wheelband,hwheelband16@bbc.co.uk,Female,231.16.226.212
44,Lurleen,Felix,lfelix17@usatoday.com,Female,251.213.219.223
45,Bruis,Mengue,bmengue18@naver.com,Male,184.110.174.224
46,Elton,Byles,ebyles19@dyndns.org,Male,105.219.147.102
47,Garrard,Larderot,glarderot1a@mashable.com,Male,88.71.210.88
48,Issie,Pretsel,ipretsel1b@paginegialle.it,Female,182.214.237.122
49,Frederic,Mullins,fmullins1c@bing.com,Male,208.105.111.139
50,Sherlock,Pauls,spauls1d@photobucket.com,Male,157.214.223.33
51,Alli,Wayt,awayt1e@elpais.com,Female,112.52.156.201
52,Koo,Stutte,kstutte1f@kickstarter.com,Female,23.137.220.180
53,Iorgos,Willerstone,iwillerstone1g@cpanel.net,Male,99.157.133.78
54,Paulie,Earles,pearles1h@clickbank.net,Male,136.109.60.52
55,Remus,Lardeux,rlardeux1i@icio.us,Male,5.55.40.118
56,Lynnett,Mundford,lmundford1j@hubpages.com,Female,180.117.248.59
57,Lisle,Pusill,lpusill1k@msn.com,Male,160.54.165.119
58,Cory,Thome,cthome1l@issuu.com,Female,218.77.77.75
59,Jaquith,Morphey,jmorphey1m@bravesites.com,Female,167.213.26.254
60,Prudence,Dodsley,pdodsley1n@techcrunch.com,Female,242.78.36.8
61,Kelbee,Habble,khabble1o@independent.co.uk,Male,120.34.71.165
62,Jeremie,Leverentz,jleverentz1p@businessinsider.com,Male,49.160.217.23
63,Sioux,Ubee,subee1q@cam.ac.uk,Female,178.122.140.45
64,Raul,Castelletto,rcastelletto1r@bbb.org,Male,8.93.90.247
65,Gabriel,Caddell,gcaddell1s@tumblr.com,Male,54.63.156.240
66,Marina,Estabrook,mestabrook1t@twitpic.com,Female,53.109.56.208
67,Skell,Antonnikov,santonnikov1u@globo.com,Male,164.84.24.82
68,Connie,McColley,cmccolley1v@so-net.ne.jp,Female,101.200.127.27
69,Lissie,Corington,lcorington1w@vk.com,Female,169.76.251.104
70,Cristen,Cullinan,ccullinan1x@businessinsider.com,Female,65.213.158.146
71,Korrie,Boshier,kboshier1y@bbc.co.uk,Female,137.85.113.120
72,Archibaldo,Soane,asoane1z@toplist.cz,Male,67.223.17.32
73,Larina,Lambersen,llambersen20@example.com,Female,152.146.109.100
74,Nicolais,Bayles,nbayles21@prnewswire.com,Male,152.29.23.19
75,Huberto,Rookesby,hrookesby22@imdb.com,Male,148.213.197.241
76,Evey,Gaze,egaze23@springer.com,Female,175.223.34.55
77,Druci,Covet,dcovet24@e-recht24.de,Female,154.239.47.189
78,Clemmie,Saberton,csaberton25@de.vu,Female,177.108.219.72
79,Percy,Vink,pvink26@skype.com,Male,203.184.41.150
80,Dolli,Abate,dabate27@dailymotion.com,Female,8.19.18.184
81,Ruprecht,Yarr,ryarr28@google.ca,Male,161.22.53.204
82,Cordelia,Guiver,cguiver29@si.edu,Female,40.143.171.109
83,Grant,Blasi,gblasi2a@sphinn.com,Male,55.115.232.225
84,Mandi,Sturman,msturman2b@merriam-webster.com,Female,220.74.44.252
85,Dodi,Stein,dstein2c@squarespace.com,Female,215.138.132.218
86,Annadiane,Theuss,atheuss2d@globo.com,Female,154.48.160.175
87,Harwell,Callaway,hcallaway2e@xing.com,Male,255.189.151.177
88,Mozes,Wellbelove,mwellbelove2f@theguardian.com,Male,73.160.76.33
89,Nadine,Varran,nvarran2g@stanford.edu,Female,127.33.242.254
90,Lambert,Sabben,lsabben2h@soundcloud.com,Male,205.19.181.177
91,Mandi,Nolli,mnolli2i@springer.com,Female,77.219.111.73
92,Montgomery,Erdely,merdely2j@elegantthemes.com,Male,52.155.163.173
93,Jens,Brisland,jbrisland2k@tumblr.com,Male,127.8.12.4
94,Toni,Sweeten,tsweeten2l@cocolog-nifty.com,Female,174.252.81.96
95,Gale,Bosenworth,gbosenworth2m@springer.com,Female,58.89.165.2
96,Shae,Hoxey,shoxey2n@cisco.com,Female,146.247.0.185
97,Carleen,Possel,cpossel2o@psu.edu,Female,56.137.96.251
98,Clemmie,Westney,cwestney2p@icio.us,Female,81.156.44.155
99,Malina,Bowlas,mbowlas2q@loc.gov,Female,29.228.187.91
100,Moina,Burwood,mburwood2r@elegantthemes.com,Female,31.0.230.157
101,Esme,Halse,ehalse2s@cbsnews.com,Female,92.65.124.251
102,Emelyne,Pogg,epogg2t@slideshare.net,Female,111.38.25.135
103,Cammie,Bedford,cbedford2u@sogou.com,Female,86.45.5.104
104,Rudiger,Francesco,rfrancesco2v@businesswire.com,Male,22.150.8.71
105,Karena,Duffan,kduffan2w@last.fm,Female,73.245.17.217
106,Aksel,Raiman,araiman2x@godaddy.com,Male,221.91.52.46
107,Petrina,Hallatt,phallatt2y@addthis.com,Female,63.250.100.64
108,Aksel,Fury,afury2z@blogger.com,Male,225.234.144.2
109,Myrah,Sewards,msewards30@usa.gov,Female,166.102.142.249
110,Calida,Kittow,ckittow31@blogger.com,Female,241.97.41.243
111,Rosabelle,Chatt,rchatt32@woothemes.com,Female,146.50.5.84
112,Donica,Rollinshaw,drollinshaw33@biglobe.ne.jp,Female,165.131.88.253
113,Benjie,Aberchirder,baberchirder34@mac.com,Male,39.133.182.98
114,Ingmar,Housegoe,ihousegoe35@nih.gov,Male,12.53.240.171
115,Van,Pavluk,vpavluk36@sitemeter.com,Male,113.214.188.185
116,Jessie,Beaglehole,jbeaglehole37@bandcamp.com,Male,130.17.17.38
117,Sheilakathryn,Lutty,slutty38@businessinsider.com,Female,233.130.199.147
118,Hy,Pickin,hpickin39@i2i.jp,Male,132.173.23.110
119,Cirilo,Lyttle,clyttle3a@economist.com,Male,244.194.148.220
120,Oona,Cowdroy,ocowdroy3b@engadget.com,Female,192.160.128.65
121,Ignacio,Aindrais,iaindrais3c@phpbb.com,Male,223.188.147.82
122,Sloan,Arnoult,sarnoult3d@lulu.com,Male,228.15.247.93
123,Zita,Bolte,zbolte3e@imdb.com,Female,32.106.27.63
124,Claire,Fogt,cfogt3f@1688.com,Female,196.34.255.62
125,Hilary,Oxer,hoxer3g@mapquest.com,Female,188.25.137.24
126,Christophe,Spaunton,cspaunton3h@uol.com.br,Male,56.52.176.247
127,Augusta,McCann,amccann3i@pcworld.com,Female,254.66.88.241
128,Janeen,Boulter,jboulter3j@reverbnation.com,Female,227.47.173.75
129,Howie,McArthur,hmcarthur3k@oaic.gov.au,Male,97.185.94.247
130,Silvia,Bartosiak,sbartosiak3l@sun.com,Female,111.131.137.38
131,Maurise,Riddlesden,mriddlesden3m@tumblr.com,Female,144.42.96.94
132,Rochella,Caudrey,rcaudrey3n@auda.org.au,Female,239.35.254.27
133,Janos,Sleeman,jsleeman3o@fda.gov,Male,255.5.86.190
134,Moise,Silverlock,msilverlock3p@yolasite.com,Male,120.96.39.193
135,Ronna,Rossbrooke,rrossbrooke3q@tinypic.com,Female,167.60.97.139
136,Jodi,Farndon,jfarndon3r@rediff.com,Male,55.74.120.156
137,Corey,Durdle,cdurdle3s@networkadvertising.org,Male,109.132.132.2
138,Elizabeth,Duigenan,eduigenan3t@foxnews.com,Female,28.192.254.122
139,Guinevere,Khrishtafovich,gkhrishtafovich3u@ovh.net,Female,63.119.231.23
140,Kalinda,Mullins,kmullins3v@globo.com,Female,156.245.4.14
141,Read,Gerrie,rgerrie3w@yolasite.com,Male,2.97.224.58
142,Clarance,Jaycock,cjaycock3x@hugedomains.com,Male,58.192.162.185
143,Consuela,Philipsen,cphilipsen3y@nature.com,Female,183.48.209.206
144,Leyla,Duiguid,lduiguid3z@google.es,Female,205.30.68.52
145,Ferguson,Blanchflower,fblanchflower40@timesonline.co.uk,Male,155.36.132.105
146,Page,Mangeot,pmangeot41@bizjournals.com,Female,249.208.118.84
147,Kris,Matushevitz,kmatushevitz42@eepurl.com,Female,30.193.141.82
148,Gilly,Warhurst,gwarhurst43@eventbrite.com,Female,125.14.144.96
149,Darnall,Nevett,dnevett44@salon.com,Male,170.98.131.34
150,Christal,Semens,csemens45@jalbum.net,Female,167.73.160.214
151,Carlynn,Mountjoy,cmountjoy46@about.me,Female,202.6.109.178
152,Cullan,Dmtrovic,cdmtrovic47@linkedin.com,Male,17.145.115.223
153,Robinette,Babington,rbabington48@wufoo.com,Female,31.195.124.186
154,Harmonie,Gallehawk,hgallehawk49@un.org,Female,191.174.198.210
155,Jobina,Clewarth,jclewarth4a@opensource.org,Female,159.35.214.78
156,Melisenda,Eplate,meplate4b@odnoklassniki.ru,Female,189.9.191.152
157,Benji,Priel,bpriel4c@tumblr.com,Male,48.23.142.52
158,Harper,Gitting,hgitting4d@addthis.com,Male,105.85.21.230
159,Wilmar,Annies,wannies4e@flickr.com,Male,161.40.189.44
160,Bob,Vasilchenko,bvasilchenko4f@tamu.edu,Male,115.49.56.122
161,Atlanta,Feedome,afeedome4g@123-reg.co.uk,Female,32.124.214.214
162,Morton,Beton,mbeton4h@latimes.com,Male,116.9.211.7
163,Timotheus,Carbry,tcarbry4i@oaic.gov.au,Male,216.21.72.129
164,Averil,Fendt,afendt4j@elpais.com,Male,170.151.26.18
165,Brear,Gwinnett,bgwinnett4k@soup.io,Female,10.220.72.2
166,Torrie,Gadney,tgadney4l@skype.com,Female,166.249.130.116
167,Roman,Kealy,rkealy4m@xinhuanet.com,Male,189.229.225.30
168,Sile,Compford,scompford4n@cpanel.net,Female,169.53.167.48
169,Anne-corinne,Bugs,abugs4o@pcworld.com,Female,91.249.145.186
170,Floria,Swinfon,fswinfon4p@printfriendly.com,Female,214.111.37.84
171,Towny,Cradick,tcradick4q@salon.com,Male,227.217.142.20
172,Wash,Mowne,wmowne4r@icq.com,Male,57.145.219.195
173,Leann,Houldcroft,lhouldcroft4s@army.mil,Female,221.144.65.52
174,Bradley,Leonards,bleonards4t@behance.net,Male,105.6.135.79
175,Elwin,Youell,eyouell4u@linkedin.com,Male,53.6.71.201
176,Arlana,Thynn,athynn4v@hp.com,Female,128.164.226.221
177,Glenine,Basili,gbasili4w@latimes.com,Female,9.39.151.140
178,Guglielmo,Duchateau,gduchateau4x@mayoclinic.com,Male,30.39.151.92
179,Britteny,Vyel,bvyel4y@tmall.com,Female,77.226.251.208
180,Roxy,Elsom,relsom4z@usnews.com,Female,211.177.183.54
181,Nate,Crickmore,ncrickmore50@constantcontact.com,Male,246.19.54.119
182,Timmy,Puxley,tpuxley51@google.com.br,Male,25.228.69.160
183,Dona,Doghartie,ddoghartie52@artisteer.com,Female,208.183.14.242
184,Alix,Murrill,amurrill53@china.com.cn,Male,75.115.96.103
185,Peggy,Pidgeon,ppidgeon54@unc.edu,Female,149.253.175.229
186,Jeremie,Leeburn,jleeburn55@stumbleupon.com,Male,197.47.39.193
187,Darby,Albert,dalbert56@shinystat.com,Male,14.104.160.161
188,Yelena,Langeley,ylangeley57@comsenz.com,Female,25.195.60.197
189,Bibbye,Griss,bgriss58@canalblog.com,Female,75.9.85.26
190,Desirae,Huller,dhuller59@mlb.com,Female,145.232.182.25
191,Blake,Ruffle,bruffle5a@jigsy.com,Male,239.208.237.113
192,Thorn,Quimby,tquimby5b@accuweather.com,Male,67.18.50.79
193,Ag,Marfe,amarfe5c@newsvine.com,Female,172.16.218.132
194,Idalina,Richardin,irichardin5d@163.com,Female,100.65.124.202
195,Brianne,Attiwill,battiwill5e@unesco.org,Female,47.115.148.94
196,Hilary,Senechell,hsenechell5f@statcounter.com,Female,61.136.91.41
197,Tani,Voden,tvoden5g@nydailynews.com,Female,0.81.146.237
198,Evelin,Keller,ekeller5h@arstechnica.com,Male,156.24.189.214
199,Tiebout,Calam,tcalam5i@ihg.com,Male,131.227.115.17
200,Marcile,Tweede,mtweede5j@github.io,Female,128.10.159.141
201,Dallon,Alam,dalam5k@cmu.edu,Male,167.131.181.84
202,Selle,Ottewill,sottewill5l@privacy.gov.au,Female,129.76.183.226
203,Darleen,de Almeida,ddealmeida5m@parallels.com,Female,54.64.83.188
204,Jeremie,Tritten,jtritten5n@github.io,Male,76.253.16.197
205,Kaleena,Easbie,keasbie5o@taobao.com,Female,182.83.136.173
206,Tobe,Osborn,tosborn5p@e-recht24.de,Male,13.239.46.15
207,Heda,Nickless,hnickless5q@mapy.cz,Female,30.204.135.43
208,Elmira,Buske,ebuske5r@php.net,Female,201.205.140.31
209,Pippo,Reinbeck,preinbeck5s@foxnews.com,Male,186.28.34.252
210,Karina,Le Marquand,klemarquand5t@pinterest.com,Female,197.68.178.163
211,Jess,Bremmell,jbremmell5u@yale.edu,Male,165.136.111.200
212,Markus,Tellenbroker,mtellenbroker5v@theguardian.com,Male,224.119.152.161
213,Dare,Comford,dcomford5w@liveinternet.ru,Male,178.255.31.89
214,Kalindi,Evamy,kevamy5x@epa.gov,Female,110.214.240.80
215,Laurence,Knibb,lknibb5y@yelp.com,Male,63.93.148.131
216,Gaynor,Woollam,gwoollam5z@soundcloud.com,Female,70.203.7.154
217,Luis,Nulty,lnulty60@jalbum.net,Male,130.174.48.132
218,Abner,Gligoraci,agligoraci61@pagesperso-orange.fr,Male,178.108.78.104
219,Reider,Hazelgrove,rhazelgrove62@pen.io,Male,101.148.92.206
220,Charley,Udey,cudey63@sfgate.com,Male,96.35.12.142
221,Gilberto,Lavrinov,glavrinov64@bloglovin.com,Male,238.149.38.36
222,Louisa,Gibbett,lgibbett65@histats.com,Female,177.111.50.104
223,Derk,Ketteringham,dketteringham66@creativecommons.org,Male,225.161.86.132
224,Maryellen,Dillinton,mdillinton67@un.org,Female,50.27.66.236
225,Bertram,Tarquini,btarquini68@cnet.com,Male,90.30.47.55
226,Bogart,Elsmere,belsmere69@washingtonpost.com,Male,138.35.183.31
227,Lionello,Flye,lflye6a@hao123.com,Male,118.35.228.169
228,Amery,Southon,asouthon6b@ebay.co.uk,Male,64.244.157.118
229,Meredeth,Creddon,mcreddon6c@google.com,Male,1.133.206.174
230,Flory,Rysdale,frysdale6d@youtube.com,Male,209.124.27.35
231,Flemming,Shetliff,fshetliff6e@i2i.jp,Male,244.74.227.222
232,Franciska,Joblin,fjoblin6f@blogs.com,Female,249.174.69.107
233,Catarina,Dalgardno,cdalgardno6g@unc.edu,Female,179.34.232.66
234,Ashlie,Kissell,akissell6h@hud.gov,Female,248.101.208.26
235,Ninnette,Pidgeley,npidgeley6i@icio.us,Female,68.95.217.137
236,Gayleen,Roydon,groydon6j@washingtonpost.com,Female,18.18.216.52
237,Ade,Sulman,asulman6k@whitehouse.gov,Male,214.39.205.245
238,Anna,Laste,alaste6l@earthlink.net,Female,223.182.22.188
239,Pietro,Braghini,pbraghini6m@opera.com,Male,47.1.89.64
240,Tanny,Stuckford,tstuckford6n@delicious.com,Male,54.174.155.19
241,Drake,Bille,dbille6o@freewebs.com,Male,164.93.2.217
242,Tammy,Hicks,thicks6p@devhub.com,Female,104.190.55.136
243,Rutter,Kastel,rkastel6q@microsoft.com,Male,203.129.108.46
244,Rowland,Pechard,rpechard6r@opera.com,Male,110.86.13.21
245,Rycca,Pollastrino,rpollastrino6s@mysql.com,Female,74.133.7.8
246,Ruby,Wormald,rwormald6t@sun.com,Female,110.29.145.153
247,Daile,Crassweller,dcrassweller6u@answers.com,Female,66.4.214.10
248,Kayne,Bulpitt,kbulpitt6v@hud.gov,Male,156.150.196.19
249,Glynnis,Birkmyr,gbirkmyr6w@dailymail.co.uk,Female,77.191.86.205
250,Aleta,Moorfield,amoorfield6x@soundcloud.com,Female,166.190.167.196
251,Edwin,Firmin,efirmin6y@webmd.com,Male,84.234.98.81
252,Kimberlee,Clulow,kclulow6z@vk.com,Female,168.43.153.62
253,Austin,Brookz,abrookz70@mac.com,Female,77.98.57.125
254,Doug,Schonfeld,dschonfeld71@networkadvertising.org,Male,47.230.28.243
255,Clywd,Seally,cseally72@about.me,Male,192.13.69.207
256,Chaunce,Clinkard,cclinkard73@google.de,Male,64.175.167.111
257,Gayel,Solley,gsolley74@amazon.co.jp,Female,57.92.22.119
258,Hyman,Sauniere,hsauniere75@ihg.com,Male,214.70.113.142
259,Wilek,Heskey,wheskey76@imdb.com,Male,10.171.146.125
260,Glen,Danielovitch,gdanielovitch77@paypal.com,Male,16.32.76.193
261,Fred,Castletine,fcastletine78@bloglovin.com,Male,150.143.174.105
262,Uriel,Brummell,ubrummell79@lulu.com,Male,242.165.219.233
263,Daryl,Jerman,djerman7a@ihg.com,Female,248.213.157.168
264,Brinna,Thombleson,bthombleson7b@soup.io,Female,229.87.95.25
265,Franni,Whitta,fwhitta7c@netvibes.com,Female,240.93.50.108
266,Giavani,Wilsdon,gwilsdon7d@nbcnews.com,Male,140.242.209.134
267,Justus,Roseman,jroseman7e@accuweather.com,Male,197.153.43.100
268,Hazlett,Megarrell,hmegarrell7f@github.io,Male,70.167.28.112
269,Annalise,Auten,aauten7g@imageshack.us,Female,216.113.244.59
270,Myrwyn,Duffrie,mduffrie7h@indiatimes.com,Male,5.89.248.213
271,Carr,De Bruijne,cdebruijne7i@oaic.gov.au,Male,107.179.133.219
272,Emmet,Fleischmann,efleischmann7j@economist.com,Male,107.231.246.39
273,Kessia,Phelipeau,kphelipeau7k@google.it,Female,22.249.238.66
274,Brandais,McCrudden,bmccrudden7l@businessinsider.com,Female,19.202.247.28
275,Reider,Abriani,rabriani7m@samsung.com,Male,208.166.87.249
276,Oliviero,Blankman,oblankman7n@sakura.ne.jp,Male,112.32.10.175
277,Hendrick,Simakov,hsimakov7o@nba.com,Male,52.158.216.171
278,Clarice,Brodhead,cbrodhead7p@de.vu,Female,148.38.254.234
279,Zora,Acutt,zacutt7q@virginia.edu,Female,87.81.70.42
280,Pascale,Petriello,ppetriello7r@sbwire.com,Male,93.42.160.60
281,Marketa,Whalley,mwhalley7s@instagram.com,Female,99.8.144.97
282,Holli,Zamorano,hzamorano7t@netlog.com,Female,74.146.118.59
283,Zulema,Duck,zduck7u@desdev.cn,Female,220.13.5.220
284,Moishe,Melanaphy,mmelanaphy7v@g.co,Male,75.96.135.95
285,Nessie,Sheavills,nsheavills7w@yale.edu,Female,90.157.151.156
286,Carling,Janikowski,cjanikowski7x@naver.com,Male,11.245.110.62
287,Dianna,McGibbon,dmcgibbon7y@cocolog-nifty.com,Female,117.174.2.194
288,Carny,Alton,calton7z@ftc.gov,Male,169.179.165.3
289,Austin,Dunne,adunne80@1und1.de,Male,206.70.3.224
290,Yancey,Erett,yerett81@wix.com,Male,131.173.71.70
291,Abbot,Windmill,awindmill82@unesco.org,Male,200.57.253.0
292,Rutger,Gymblett,rgymblett83@berkeley.edu,Male,123.193.181.111
293,Reta,Baffin,rbaffin84@netvibes.com,Female,96.122.11.207
294,Corinne,Leek,cleek85@amazonaws.com,Female,75.80.84.251
295,Bondie,Kohnert,bkohnert86@artisteer.com,Male,153.180.30.86
296,Rudiger,Toxell,rtoxell87@disqus.com,Male,40.147.230.184
297,Mariquilla,Mechem,mmechem88@virginia.edu,Female,41.158.184.163
298,Wolfy,De Marchi,wdemarchi89@list-manage.com,Male,198.87.248.61
299,Brianna,Penniall,bpenniall8a@fema.gov,Female,34.86.111.217
300,Brandice,Korneev,bkorneev8b@berkeley.edu,Female,166.173.154.209
301,Flor,Towlson,ftowlson8c@illinois.edu,Female,6.231.171.184
302,Cletus,Ceney,cceney8d@auda.org.au,Male,99.183.161.137
303,Alonso,Tickel,atickel8e@reference.com,Male,51.118.235.195
304,Artemus,Fassbindler,afassbindler8f@yelp.com,Male,129.125.3.196
305,Perceval,De Minico,pdeminico8g@dyndns.org,Male,140.100.46.183
306,Lavena,Leggon,lleggon8h@myspace.com,Female,47.157.27.6
307,Phylis,Keating,pkeating8i@nifty.com,Female,145.65.39.203
308,Francklyn,Crich,fcrich8j@noaa.gov,Male,157.69.115.212
309,Osgood,Antonowicz,oantonowicz8k@guardian.co.uk,Male,190.115.195.111
310,Dolores,Habbes,dhabbes8l@deviantart.com,Female,245.131.170.225
311,Kale,Stotherfield,kstotherfield8m@people.com.cn,Male,182.73.27.157
312,Kellia,Beddon,kbeddon8n@dailymail.co.uk,Female,133.162.172.78
313,Davita,De Maria,ddemaria8o@skype.com,Female,87.194.66.3
314,Nowell,McLucas,nmclucas8p@dedecms.com,Male,29.74.105.51
315,Michal,Cushworth,mcushworth8q@live.com,Female,94.235.45.132
316,Reilly,Fant,rfant8r@mediafire.com,Male,255.108.116.214
317,Kerrin,Meffin,kmeffin8s@yellowpages.com,Female,163.40.76.214
318,Marla,Pinch,mpinch8t@stanford.edu,Female,96.238.70.188
319,Valentijn,Raymen,vraymen8u@hao123.com,Male,146.221.17.20
320,Guss,Cronk,gcronk8v@adobe.com,Male,28.117.99.47
321,Kelcey,Twitchett,ktwitchett8w@tripod.com,Female,210.111.35.90
322,Laurel,Ayce,layce8x@eepurl.com,Female,8.100.225.250
323,Shelby,Gornal,sgornal8y@netlog.com,Male,125.178.57.137
324,Sheeree,Craigie,scraigie8z@dot.gov,Female,152.231.230.39
325,Benny,Jirek,bjirek90@themeforest.net,Male,192.238.51.27
326,Gaelan,Hearon,ghearon91@washington.edu,Male,190.38.209.246
327,Odele,Mahaffey,omahaffey92@chicagotribune.com,Female,157.106.132.191
328,Nelly,Ilott,nilott93@weather.com,Female,179.222.99.246
329,Hussein,Presidey,hpresidey94@weebly.com,Male,79.72.233.125
330,Marty,Slocom,mslocom95@csmonitor.com,Male,93.233.107.118
331,Dorena,Sloper,dsloper96@washingtonpost.com,Female,68.189.61.254
332,Florry,Gymlett,fgymlett97@answers.com,Female,217.120.67.245
333,Dieter,Ubsdell,dubsdell98@cpanel.net,Male,183.74.138.76
334,Huntington,Avis,havis99@istockphoto.com,Male,28.104.196.192
335,Agnola,Beesey,abeesey9a@bizjournals.com,Female,113.23.233.105
336,Julieta,Froude,jfroude9b@amazon.co.jp,Female,54.164.134.113
337,Adrea,Casbon,acasbon9c@upenn.edu,Female,53.51.48.185
338,Vernor,Culpin,vculpin9d@about.me,Male,131.213.42.232
339,Katha,Teale,kteale9e@seesaa.net,Female,11.26.166.185
340,Hilly,Limpricht,hlimpricht9f@forbes.com,Male,231.58.143.78
341,Sayres,Sneyd,ssneyd9g@zimbio.com,Male,129.105.67.18
342,Merline,Scamp,mscamp9h@over-blog.com,Female,55.96.240.255
343,Clary,Nansom,cnansom9i@examiner.com,Female,197.56.219.211
344,Nicola,Vaissiere,nvaissiere9j@bravesites.com,Male,25.51.196.26
345,Keir,D'Andrea,kdandrea9k@usnews.com,Male,151.3.93.86
346,Bartel,Serrels,bserrels9l@examiner.com,Male,45.72.50.227
347,Chevalier,Hateley,chateley9m@webs.com,Male,105.115.3.17
348,Derrick,Skacel,dskacel9n@census.gov,Male,153.84.128.157
349,Obediah,Brickwood,obrickwood9o@pen.io,Male,88.111.197.10
350,Emlyn,Woodwin,ewoodwin9p@ft.com,Male,157.19.248.134
351,Lebbie,Batalle,lbatalle9q@studiopress.com,Female,118.59.216.236
352,Arleta,Hegden,ahegden9r@slate.com,Female,134.251.221.146
353,Clara,Gellier,cgellier9s@google.it,Female,164.141.83.69
354,Verna,Povey,vpovey9t@w3.org,Female,176.56.64.35
355,Audy,Hark,ahark9u@va.gov,Female,65.182.245.46
356,Vlad,Flecknoe,vflecknoe9v@state.gov,Male,84.60.210.194
357,Shana,Clouston,sclouston9w@123-reg.co.uk,Female,224.62.54.173
358,Way,Daudray,wdaudray9x@bbb.org,Male,236.230.18.12
359,Edwina,Gowdie,egowdie9y@army.mil,Female,2.185.132.49
360,Jonah,Maken,jmaken9z@smh.com.au,Male,231.73.234.196
361,Massimiliano,Tease,mteasea0@imageshack.us,Male,74.131.138.227
362,Georas,Sherrell,gsherrella1@discovery.com,Male,224.233.0.101
363,Dieter,Pillington,dpillingtona2@linkedin.com,Male,145.30.52.239
364,Shadow,Crigin,scrigina3@jugem.jp,Male,192.195.195.68
365,Nicky,Fairbank,nfairbanka4@is.gd,Male,158.160.208.145
366,Stevana,Mandell,smandella5@google.cn,Female,33.60.28.111
367,Abrahan,Machin,amachina6@dell.com,Male,73.66.131.198
368,Becca,Stainfield,bstainfielda7@flavors.me,Female,100.210.117.10
369,Georgeta,Elliker,gellikera8@ow.ly,Female,237.5.216.210
370,Nisse,Wewell,nwewella9@bizjournals.com,Female,226.191.248.198
371,Meredithe,Brearley,mbrearleyaa@123-reg.co.uk,Female,32.50.109.240
372,Trueman,Nabarro,tnabarroab@acquirethisname.com,Male,82.222.122.250
373,Correna,MacCorkell,cmaccorkellac@com.com,Female,45.100.239.98
374,Rufe,Charity,rcharityad@so-net.ne.jp,Male,82.175.218.156
375,Curt,Whatham,cwhathamae@about.com,Male,228.100.114.6
376,Kelsey,Ruppeli,kruppeliaf@imdb.com,Male,106.9.179.41
377,Dael,Bricklebank,dbricklebankag@timesonline.co.uk,Female,188.168.103.212
378,Justis,Corbett,jcorbettah@skype.com,Male,60.163.52.150
379,Candace,Liversley,cliversleyai@admin.ch,Female,127.145.191.194
380,Boony,Spino,bspinoaj@dyndns.org,Male,217.78.37.123
381,Marv,Tourry,mtourryak@stanford.edu,Male,188.166.220.231
382,Xenos,Ouchterlony,xouchterlonyal@etsy.com,Male,184.106.220.12
383,Hyman,Roches,hrochesam@themeforest.net,Male,47.2.60.138
384,Francklin,Wederell,fwederellan@sohu.com,Male,160.10.24.135
385,Cristy,McLardie,cmclardieao@nyu.edu,Female,207.94.146.56
386,Erminia,Leadston,eleadstonap@macromedia.com,Female,78.128.180.196
387,Dare,Knight,dknightaq@skyrock.com,Male,102.234.69.150
388,Belvia,Yakunikov,byakunikovar@wsj.com,Female,210.64.181.218
389,Giffer,Dreghorn,gdreghornas@chron.com,Male,82.67.123.160
390,Erinna,Grestie,egrestieat@admin.ch,Female,189.182.247.49
391,Amery,Vinnicombe,avinnicombeau@xrea.com,Male,77.66.35.232
392,Rowen,Lindman,rlindmanav@forbes.com,Male,195.218.57.68
393,Kat,Bundey,kbundeyaw@comcast.net,Female,76.115.116.191
394,Mordecai,Rodda,mroddaax@trellian.com,Male,19.241.13.33
395,Winny,Mechi,wmechiay@hatena.ne.jp,Female,174.3.106.49
396,Matias,Laity,mlaityaz@godaddy.com,Male,237.141.162.165
397,Margeaux,Devil,mdevilb0@miibeian.gov.cn,Female,111.33.18.137
398,Anabal,Kenefick,akenefickb1@zimbio.com,Female,209.217.5.25
399,Spenser,Thorsen,sthorsenb2@ihg.com,Male,48.44.189.123
400,Delmor,Giorgioni,dgiorgionib3@ow.ly,Male,214.150.19.113
401,Julina,Lepper,jlepperb4@sciencedaily.com,Female,114.208.6.53
402,Colver,Dozdill,cdozdillb5@ebay.com,Male,160.40.38.194
403,Annelise,Hirche,ahircheb6@lycos.com,Female,139.108.124.0
404,Bernadina,Satteford,bsattefordb7@friendfeed.com,Female,77.3.252.9
405,Lauree,Abbison,labbisonb8@gnu.org,Female,126.55.131.152
406,Dorrie,Fassmann,dfassmannb9@google.cn,Female,31.29.132.12
407,Jakob,D'Alessio,jdalessioba@ebay.com,Male,187.170.66.198
408,Colan,Cruttenden,ccruttendenbb@ameblo.jp,Male,157.126.149.169
409,Brooke,Winram,bwinrambc@reuters.com,Female,176.142.226.206
410,Carter,Whannel,cwhannelbd@harvard.edu,Male,92.3.241.49
411,Tamqrah,Gravestone,tgravestonebe@google.cn,Female,120.45.176.160
412,Huntington,Isabell,hisabellbf@pagesperso-orange.fr,Male,100.77.167.201
413,Taddeusz,Heinish,theinishbg@google.ru,Male,136.43.137.48
414,Ebba,Scarrott,escarrottbh@yellowpages.com,Female,236.71.216.124
415,Andeee,Norrington,anorringtonbi@yellowpages.com,Female,186.86.215.29
416,Arturo,Saur,asaurbj@flickr.com,Male,238.208.136.50
417,Alexander,Burchmore,aburchmorebk@sitemeter.com,Male,219.199.36.36
418,Joyous,Greader,jgreaderbl@multiply.com,Female,233.219.230.170
419,Alden,Penburton,apenburtonbm@sphinn.com,Male,0.42.142.95
420,Rheta,Ysson,ryssonbn@jigsy.com,Female,34.71.248.75
421,Cassandry,Teal,ctealbo@virginia.edu,Female,124.53.14.214
422,Catlee,Derrett,cderrettbp@wikia.com,Female,122.246.115.114
423,Drucie,Guerro,dguerrobq@icio.us,Female,178.228.29.102
424,Theodore,Hagley,thagleybr@sitemeter.com,Male,109.65.30.238
425,Marco,Sorrie,msorriebs@chron.com,Male,123.86.76.226
426,Helga,Smeed,hsmeedbt@networkadvertising.org,Female,78.212.134.182
427,Con,Stobart,cstobartbu@unicef.org,Female,160.8.3.55
428,Portia,Peterken,ppeterkenbv@cdbaby.com,Female,8.106.211.97
429,Ignacio,Nenci,inencibw@last.fm,Male,15.43.72.14
430,Vanessa,Gaskin,vgaskinbx@ezinearticles.com,Female,243.58.47.161
431,Gabriella,Terne,gterneby@lycos.com,Female,134.140.228.165
432,Carny,Alam,calambz@hibu.com,Male,141.94.195.85
433,Aluino,Bool,aboolc0@house.gov,Male,75.213.188.212
434,Wilhelm,Rubinovitch,wrubinovitchc1@homestead.com,Male,122.219.214.129
435,Nathanael,McFater,nmcfaterc2@liveinternet.ru,Male,58.168.146.224
436,Durward,McManus,dmcmanusc3@prweb.com,Male,182.74.121.56
437,Chase,Northill,cnorthillc4@webnode.com,Male,125.64.203.9
438,Wayland,Conkie,wconkiec5@nature.com,Male,111.224.192.75
439,Bartel,Lewinton,blewintonc6@ustream.tv,Male,100.127.209.220
440,Alethea,Kestell,akestellc7@cnet.com,Female,151.28.43.117
441,Marje,Cuthill,mcuthillc8@scribd.com,Female,230.16.51.159
442,Audi,Keerl,akeerlc9@imageshack.us,Female,229.133.32.1
443,Kate,Mauchlen,kmauchlenca@usda.gov,Female,33.52.94.140
444,Thornton,Cough,tcoughcb@nps.gov,Male,41.228.43.95
445,Salvador,Walework,swaleworkcc@weibo.com,Male,48.35.17.13
446,Cami,Beels,cbeelscd@ucoz.com,Female,254.118.127.166
447,Lorraine,Trevaskiss,ltrevaskissce@ed.gov,Female,142.61.65.184
448,Elyse,Cunnell,ecunnellcf@fc2.com,Female,209.159.229.168
449,Lou,Grassot,lgrassotcg@sohu.com,Male,2.108.216.115
450,Penny,Reichardt,preichardtch@php.net,Female,43.7.49.144
451,Herrick,Pemble,hpembleci@state.tx.us,Male,164.93.145.175
452,Chester,Giraudoux,cgiraudouxcj@desdev.cn,Male,198.188.149.191
453,Fidelia,Riddle,friddleck@un.org,Female,236.207.227.7
454,Budd,Cass,bcasscl@spotify.com,Male,94.59.120.180
455,Selena,Potteridge,spotteridgecm@blogger.com,Female,56.85.141.49
456,Spencer,Tarry,starrycn@weather.com,Male,98.16.117.222
457,Merwyn,Finnie,mfinnieco@flavors.me,Male,224.254.189.81
458,Derby,Ledington,dledingtoncp@upenn.edu,Male,174.215.145.92
459,Rebecka,Claypool,rclaypoolcq@phpbb.com,Female,136.139.62.234
460,Hester,Bernardotti,hbernardotticr@freewebs.com,Female,44.40.143.255
461,Morty,Vedenyapin,mvedenyapincs@nytimes.com,Male,61.197.186.69
462,Chrysler,Girdler,cgirdlerct@goodreads.com,Female,48.24.63.45
463,Clarette,Phippin,cphippincu@fema.gov,Female,16.134.247.237
464,Ryun,Tzar,rtzarcv@huffingtonpost.com,Male,90.56.129.247
465,Brena,Amyes,bamyescw@go.com,Female,164.126.108.131
466,Morgana,Barz,mbarzcx@prweb.com,Female,52.243.126.102
467,Arri,Cowdrey,acowdreycy@howstuffworks.com,Male,153.239.13.122
468,Alexia,Ogborne,aogbornecz@businessweek.com,Female,248.84.1.111
469,Haley,Sleath,hsleathd0@nymag.com,Male,233.82.253.192
470,Hebert,Burgiss,hburgissd1@dmoz.org,Male,213.231.58.121
471,Fran,Hagergham,fhagerghamd2@tripadvisor.com,Male,191.180.173.48
472,Nichols,Crumpton,ncrumptond3@si.edu,Male,63.215.187.136
473,Luca,Poynzer,lpoynzerd4@state.gov,Male,0.224.2.62
474,Thain,Riepl,triepld5@ehow.com,Male,139.18.249.119
475,Evan,Rysom,erysomd6@posterous.com,Male,149.218.207.247
476,Hazlett,Northridge,hnorthridged7@mac.com,Male,141.124.168.66
477,Edgardo,Roll,erolld8@issuu.com,Male,74.177.7.193
478,Ashton,Jancso,ajancsod9@nhs.uk,Male,233.16.93.210
479,Wilfred,Hurling,whurlingda@symantec.com,Male,88.31.162.207
480,Max,de Amaya,mdeamayadb@unicef.org,Female,232.146.154.193
481,Jedd,Keary,jkearydc@scribd.com,Male,116.79.0.224
482,Shem,Cranney,scranneydd@unesco.org,Male,196.66.161.41
483,Naomi,Trayhorn,ntrayhornde@instagram.com,Female,59.195.100.229
484,Gris,Gagg,ggaggdf@businessweek.com,Male,224.13.253.254
485,Nikolos,Seeking,nseekingdg@biglobe.ne.jp,Male,153.217.119.232
486,Nell,L' Anglois,nlangloisdh@forbes.com,Female,178.110.238.98
487,Job,O' Cuolahan,jocuolahandi@wunderground.com,Male,19.71.29.10
488,Cyb,Johncey,cjohnceydj@hostgator.com,Female,5.25.104.81
489,Skipper,Binyon,sbinyondk@ocn.ne.jp,Male,223.119.13.39
490,Aloise,Verna,avernadl@goo.ne.jp,Female,28.171.138.32
491,Merrick,Wiltsher,mwiltsherdm@sfgate.com,Male,92.97.235.188
492,Lorelei,Sive,lsivedn@biblegateway.com,Female,49.123.12.110
493,Lelah,Fellona,lfellonado@rambler.ru,Female,243.54.195.224
494,Allyn,Lambeth,alambethdp@house.gov,Male,46.226.246.225
495,Jerrome,Casetti,jcasettidq@jimdo.com,Male,18.81.140.104
496,Sella,Taffee,staffeedr@sfgate.com,Female,57.212.209.247
497,Stephanie,Tumioto,stumiotods@mediafire.com,Female,89.213.45.217
498,Delainey,Heiden,dheidendt@dropbox.com,Male,53.48.50.203
499,Berti,Shoulders,bshouldersdu@un.org,Male,243.48.194.7
500,Ashby,Drewett,adrewettdv@columbia.edu,Male,255.199.234.134
501,Frederik,Belden,fbeldendw@scientificamerican.com,Male,223.25.216.204
502,Bunnie,Bassano,bbassanodx@narod.ru,Female,179.21.68.3
503,Vivi,Jockle,vjockledy@comcast.net,Female,200.207.148.135
504,Tremain,Battelle,tbattelledz@fema.gov,Male,198.176.156.179
505,Arley,MacCrackan,amaccrackane0@sina.com.cn,Male,155.28.247.136
506,Bennie,Braker,bbrakere1@delicious.com,Female,69.10.35.159
507,Germain,Isted,gistede2@ox.ac.uk,Male,130.129.224.244
508,Sheelah,Murden,smurdene3@nymag.com,Female,41.54.114.34
509,Whittaker,Kidman,wkidmane4@kickstarter.com,Male,246.128.43.224
510,Duffie,Marcussen,dmarcussene5@gizmodo.com,Male,106.79.209.92
511,Gwen,Peche,gpechee6@tiny.cc,Female,98.155.38.121
512,Jamey,Slograve,jslogravee7@google.com.au,Male,35.172.137.126
513,Karlotta,Sawdon,ksawdone8@google.com.hk,Female,64.154.210.69
514,Melita,Cheves,mchevese9@jiathis.com,Female,195.135.106.161
515,Mason,Borman,mbormanea@tinyurl.com,Male,47.237.188.22
516,Dwain,Abell,dabelleb@hexun.com,Male,217.86.134.112
517,Jennilee,Creser,jcreserec@pen.io,Female,40.168.221.58
518,Faber,Pactat,fpactated@princeton.edu,Male,95.190.173.165
519,Wadsworth,Ternent,wternentee@businessweek.com,Male,152.25.120.111
520,Carce,Charman,ccharmanef@dot.gov,Male,221.120.245.231
521,Clayson,Pilch,cpilcheg@jiathis.com,Male,121.54.32.232
522,Mada,Ranns,mrannseh@loc.gov,Female,231.44.3.120
523,Gene,De Bischop,gdebischopei@webs.com,Male,215.151.171.166
524,Sydney,Beardwell,sbeardwellej@whitehouse.gov,Female,12.179.169.113
525,Angy,Shillam,ashillamek@vistaprint.com,Female,93.208.103.25
526,Steve,Roder,sroderel@mozilla.org,Male,250.67.254.122
527,Gates,Aveling,gavelingem@pcworld.com,Female,57.6.86.52
528,Celeste,Warrender,cwarrenderen@psu.edu,Female,166.163.119.91
529,Melosa,Yesson,myessoneo@yandex.ru,Female,109.254.122.202
530,Eydie,Vedeniktov,evedeniktovep@google.co.uk,Female,44.212.78.138
531,Fan,Rodwell,frodwelleq@people.com.cn,Female,45.251.228.247
532,Erny,Thain,ethainer@illinois.edu,Male,124.199.21.211
533,Urbain,Le Gallo,ulegalloes@twitter.com,Male,150.211.19.86
534,Estele,Swanborough,eswanboroughet@tiny.cc,Female,10.26.211.127
535,Sophie,Dureden,sduredeneu@freewebs.com,Female,58.86.60.41
536,Cybil,Mauro,cmauroev@godaddy.com,Female,229.3.78.110
537,Nat,Slaughter,nslaughterew@abc.net.au,Male,126.161.187.23
538,Donia,Linneman,dlinnemanex@t.co,Female,51.59.175.202
539,Lisetta,Bonney,lbonneyey@vk.com,Female,130.26.74.239
540,Sheila-kathryn,Fackney,sfackneyez@storify.com,Female,198.51.202.81
541,Reginald,Pellamont,rpellamontf0@surveymonkey.com,Male,181.81.241.237
542,Parnell,Easum,peasumf1@hostgator.com,Male,71.243.58.234
543,Brody,Pelcheur,bpelcheurf2@jugem.jp,Male,119.96.102.16
544,Kerry,Woodsford,kwoodsfordf3@senate.gov,Male,215.81.185.38
545,Dwain,Reolfi,dreolfif4@github.io,Male,251.225.5.89
546,Reginauld,Luppitt,rluppittf5@mapquest.com,Male,225.225.148.133
547,Amory,Dowtry,adowtryf6@sitemeter.com,Male,187.138.220.67
548,Hamlen,Thelwll,hthelwllf7@yolasite.com,Male,244.239.29.114
549,Spike,Katte,skattef8@dailymail.co.uk,Male,178.197.184.194
550,Fania,Charsley,fcharsleyf9@usatoday.com,Female,183.141.249.110
551,Teri,Cready,tcreadyfa@wikia.com,Female,22.70.173.254
552,Annamarie,Pucker,apuckerfb@aol.com,Female,16.224.147.186
553,Frank,Yanshinov,fyanshinovfc@desdev.cn,Male,89.168.134.144
554,Thornton,Moss,tmossfd@vk.com,Male,62.78.41.220
555,Hilda,Reinert,hreinertfe@networkadvertising.org,Female,140.130.94.22
556,Holly,Hanna,hhannaff@deviantart.com,Female,137.98.91.254
557,Almeria,Thredder,athredderfg@elpais.com,Female,132.24.158.151
558,Jamaal,Gobert,jgobertfh@wikipedia.org,Male,65.125.211.93
559,Hyacinthie,McCombe,hmccombefi@zdnet.com,Female,97.34.154.142
560,Joey,Bowman,jbowmanfj@myspace.com,Male,95.20.156.132
561,Jamey,Wagnerin,jwagnerinfk@shareasale.com,Male,53.104.174.132
562,Brockie,Buttriss,bbuttrissfl@cbc.ca,Male,214.208.17.193
563,Alexandro,Jahns,ajahnsfm@walmart.com,Male,54.152.193.68
564,Bogey,Comazzo,bcomazzofn@ask.com,Male,191.61.156.223
565,Lenna,Simoneton,lsimonetonfo@cnet.com,Female,90.33.66.202
566,Olva,Gladwish,ogladwishfp@about.me,Female,105.100.153.139
567,Evelyn,Bern,ebernfq@barnesandnoble.com,Male,109.49.111.81
568,Maryann,Goutcher,mgoutcherfr@latimes.com,Female,251.13.206.119
569,Zorana,Iwanicki,ziwanickifs@xrea.com,Female,129.4.3.189
570,Susi,Yurkiewicz,syurkiewiczft@uiuc.edu,Female,172.48.221.112
571,Emeline,McKirdy,emckirdyfu@reddit.com,Female,142.170.19.116
572,Hilliary,Wombwell,hwombwellfv@domainmarket.com,Female,9.95.105.2
573,Ruperto,Egdell,regdellfw@creativecommons.org,Male,26.10.142.245
574,Estella,Corp,ecorpfx@pbs.org,Female,56.200.173.238
575,Moishe,Lambotin,mlambotinfy@blinklist.com,Male,60.250.253.107
576,Katharine,Tommei,ktommeifz@blogs.com,Female,78.95.179.20
577,Odille,Gilding,ogildingg0@surveymonkey.com,Female,249.252.230.228
578,Bartolomeo,Leggate,bleggateg1@independent.co.uk,Male,50.101.11.208
579,Son,O'Keaveny,sokeavenyg2@addthis.com,Male,142.122.73.202
580,Albie,McCarrell,amccarrellg3@mit.edu,Male,247.9.212.218
581,Lizzy,Phalp,lphalpg4@edublogs.org,Female,225.210.127.46
582,Martina,Sycamore,msycamoreg5@cmu.edu,Female,171.34.5.124
583,Graham,Ponting,gpontingg6@about.me,Male,53.78.141.247
584,Delmer,Scrange,dscrangeg7@latimes.com,Male,34.243.236.111
585,Saloma,Mettricke,smettrickeg8@unblog.fr,Female,59.199.134.111
586,Mata,Bacher,mbacherg9@upenn.edu,Male,102.65.106.103
587,Babbette,Stitch,bstitchga@engadget.com,Female,191.231.43.186
588,Verla,Magor,vmagorgb@biblegateway.com,Female,121.109.114.37
589,Giustina,Storkes,gstorkesgc@ucsd.edu,Female,42.63.220.225
590,Iris,Huitson,ihuitsongd@prnewswire.com,Female,204.82.80.100
591,Revkah,O'Cannan,rocannange@sphinn.com,Female,79.243.168.208
592,Oates,Millen,omillengf@simplemachines.org,Male,219.162.249.235
593,Emmerich,Watkin,ewatkingg@webnode.com,Male,21.177.19.117
594,Brandi,Howse,bhowsegh@sciencedaily.com,Female,245.22.158.117
595,Zollie,Caskey,zcaskeygi@ebay.co.uk,Male,114.135.114.111
596,Earlie,Passe,epassegj@columbia.edu,Male,183.113.37.116
597,Liane,Rutter,lruttergk@instagram.com,Female,159.165.187.145
598,Braden,Keningham,bkeninghamgl@skype.com,Male,64.176.148.94
599,Anselm,Meir,ameirgm@nifty.com,Male,80.239.241.95
600,Hunfredo,Platts,hplattsgn@vimeo.com,Male,148.247.9.10
601,Shell,Lorand,slorandgo@alibaba.com,Male,93.172.255.160
602,Sapphire,Trays,straysgp@adobe.com,Female,82.21.132.207
603,Celinka,Dybald,cdybaldgq@gov.uk,Female,51.248.22.113
604,Kippie,Babbidge,kbabbidgegr@hibu.com,Male,154.119.36.53
605,Cherey,Mitchinson,cmitchinsongs@vk.com,Female,208.158.76.35
606,Gawen,Sellens,gsellensgt@usgs.gov,Male,119.8.169.43
607,Marco,Hynam,mhynamgu@tripod.com,Male,162.225.224.250
608,Perry,Hullbrook,phullbrookgv@addtoany.com,Male,204.97.164.62
609,Rochelle,Berick,rberickgw@mlb.com,Female,224.184.162.254
610,Cordelie,Thornewell,cthornewellgx@bluehost.com,Female,139.33.33.199
611,Wilfred,MacGauhy,wmacgauhygy@shop-pro.jp,Male,34.164.109.170
612,Nickey,Record,nrecordgz@163.com,Male,57.110.120.230
613,Serena,Venard,svenardh0@foxnews.com,Female,183.94.91.239
614,Linell,Heare,lheareh1@reverbnation.com,Female,245.248.75.83
615,Laurence,Keniwell,lkeniwellh2@facebook.com,Male,113.218.126.50
616,Wolfgang,Kilgallen,wkilgallenh3@wsj.com,Male,243.138.2.153
617,Allyn,Best,abesth4@amazon.de,Male,250.122.84.16
618,Tynan,Graeber,tgraeberh5@phpbb.com,Male,61.54.16.245
619,Sadye,Mulrean,smulreanh6@boston.com,Female,191.58.94.186
620,Lincoln,MacNaughton,lmacnaughtonh7@virginia.edu,Male,48.47.225.66
621,Kelly,Pargeter,kpargeterh8@sfgate.com,Female,169.22.224.86
622,Dalenna,Steedman,dsteedmanh9@google.pl,Female,18.2.253.126
623,Madeleine,Lidden,mliddenha@unesco.org,Female,72.94.112.119
624,Kleon,Strickland,kstricklandhb@foxnews.com,Male,229.145.4.51
625,Tristam,Monard,tmonardhc@netscape.com,Male,83.118.195.229
626,Kendricks,Gerssam,kgerssamhd@nifty.com,Male,39.180.235.129
627,Law,Coping,lcopinghe@amazon.com,Male,137.185.181.76
628,Deny,Cricket,dcrickethf@goo.gl,Female,107.50.170.77
629,Kali,Plackstone,kplackstonehg@eventbrite.com,Female,62.116.88.173
630,Otis,MacMearty,omacmeartyhh@wsj.com,Male,244.109.196.255
631,Randy,Tanslie,rtansliehi@sfgate.com,Male,84.221.156.169
632,Hastings,Lemmers,hlemmershj@cam.ac.uk,Male,127.82.205.19
633,Timothea,Gurg,tgurghk@newsvine.com,Female,234.215.43.103
634,Lurleen,Surr,lsurrhl@phoca.cz,Female,105.79.100.32
635,Edan,Iorio,eioriohm@paypal.com,Male,28.144.14.250
636,Trudie,Blazdell,tblazdellhn@sogou.com,Female,46.96.177.31
637,Kurtis,Smallcomb,ksmallcombho@1und1.de,Male,2.180.149.165
638,Rubina,Russo,rrussohp@cdbaby.com,Female,134.7.133.32
639,Alberik,Dally,adallyhq@globo.com,Male,115.184.193.144
640,Burke,Jefferies,bjefferieshr@comsenz.com,Male,252.254.240.120
641,Arne,Brason,abrasonhs@boston.com,Male,211.11.212.77
642,Clarey,Jans,cjansht@time.com,Female,0.159.25.251
643,Tobiah,Barradell,tbarradellhu@de.vu,Male,73.8.149.224
644,Duane,O'Doghesty,dodoghestyhv@bizjournals.com,Male,97.114.52.70
645,Melva,MacAloren,mmacalorenhw@amazon.com,Female,16.185.161.136
646,Nealson,Dionisi,ndionisihx@reuters.com,Male,83.105.134.113
647,Alberto,Suddards,asuddardshy@intel.com,Male,99.88.23.42
648,Theressa,Warratt,twarratthz@usda.gov,Female,182.243.166.255
649,Veronique,Aust,vausti0@ehow.com,Female,114.106.27.19
650,Salome,Searl,ssearli1@jigsy.com,Female,29.80.225.77
651,Marja,Kurton,mkurtoni2@foxnews.com,Female,71.225.44.18
652,Gae,Whittington,gwhittingtoni3@cargocollective.com,Female,187.85.243.199
653,Clotilda,Coppledike,ccoppledikei4@cmu.edu,Female,59.80.228.157
654,Georgie,Hawkshaw,ghawkshawi5@ibm.com,Female,174.162.75.148
655,Ambur,Emney,aemneyi6@ning.com,Female,149.148.165.101
656,Jade,O' Brian,jobriani7@surveymonkey.com,Female,243.252.188.162
657,Sisile,Wolfers,swolfersi8@adobe.com,Female,150.138.176.70
658,Julianne,Fley,jfleyi9@xing.com,Female,88.65.240.169
659,Lefty,Picton,lpictonia@cafepress.com,Male,94.97.21.29
660,Lora,Cornels,lcornelsib@usatoday.com,Female,92.1.207.81
661,Minne,Wipper,mwipperic@hhs.gov,Female,84.18.139.122
662,Janka,Graben,jgrabenid@nytimes.com,Female,130.129.217.153
663,Valry,Yakovlev,vyakovlevie@multiply.com,Female,99.141.191.245
664,Francois,Murt,fmurtif@statcounter.com,Male,143.63.21.58
665,Kinsley,Jephcott,kjephcottig@ftc.gov,Male,174.149.225.248
666,Oralie,Mechan,omechanih@prweb.com,Female,157.152.81.108
667,Mariam,Kinnin,mkinninii@de.vu,Female,75.96.87.36
668,Georges,Schwanden,gschwandenij@smh.com.au,Male,75.244.22.80
669,Kelley,Hirtz,khirtzik@360.cn,Female,87.0.208.88
670,Abelard,Eton,aetonil@bluehost.com,Male,228.94.224.138
671,Pierson,Carlens,pcarlensim@artisteer.com,Male,76.204.249.208
672,Mano,Dellenty,mdellentyin@samsung.com,Male,53.152.231.83
673,Rosa,Iacobetto,riacobettoio@cmu.edu,Female,81.184.39.156
674,Ericha,Oliff,eoliffip@globo.com,Female,171.170.99.214
675,Zaneta,Leckey,zleckeyiq@issuu.com,Female,166.221.16.130
676,Nahum,Plows,nplowsir@archive.org,Male,61.168.165.2
677,Lucio,Sharply,lsharplyis@uiuc.edu,Male,224.134.133.116
678,Ema,Drissell,edrissellit@ucsd.edu,Female,22.1.241.31
679,Tybalt,Flamank,tflamankiu@ocn.ne.jp,Male,37.138.80.161
680,Lefty,Abys,labysiv@gnu.org,Male,102.94.158.172
681,Teresina,Room,troomiw@umn.edu,Female,57.129.81.181
682,Luis,Course,lcourseix@abc.net.au,Male,188.226.169.221
683,Dorisa,Stops,dstopsiy@last.fm,Female,12.105.168.143
684,Tanny,Ivanikov,tivanikoviz@japanpost.jp,Male,188.73.147.111
685,Estell,McDuffie,emcduffiej0@npr.org,Female,101.106.219.53
686,Rosella,Wakelam,rwakelamj1@ezinearticles.com,Female,20.219.67.18
687,Larry,Staniforth,lstaniforthj2@cloudflare.com,Male,204.51.172.235
688,Veronika,Boldry,vboldryj3@independent.co.uk,Female,33.123.158.63
689,Reuven,Hannent,rhannentj4@squarespace.com,Male,125.144.231.222
690,Justin,Boog,jboogj5@cloudflare.com,Male,249.203.128.129
691,Twila,Hrishanok,thrishanokj6@gmpg.org,Female,27.148.224.38
692,Lissi,Dries,ldriesj7@friendfeed.com,Female,33.70.88.5
693,Damara,Whitehouse,dwhitehousej8@ed.gov,Female,75.103.172.122
694,Alberto,Van Son,avansonj9@meetup.com,Male,135.17.167.248
695,Ailsun,Steiner,asteinerja@sun.com,Female,85.182.159.35
696,June,Cawthry,jcawthryjb@cbsnews.com,Female,95.86.230.60
697,Xaviera,Skey,xskeyjc@adobe.com,Female,61.208.146.141
698,Randi,Crangle,rcranglejd@utexas.edu,Female,18.228.96.181
699,Afton,Mower,amowerje@deliciousdays.com,Female,35.150.219.163
700,Cyrille,Peddar,cpeddarjf@usa.gov,Male,73.252.57.142
701,Viviyan,Walrond,vwalrondjg@walmart.com,Female,78.216.128.135
702,Briggs,Hizir,bhizirjh@arizona.edu,Male,107.145.186.60
703,Duff,Herculeson,dherculesonji@si.edu,Male,22.214.216.166
704,Morley,Dillingstone,mdillingstonejj@gmpg.org,Male,128.68.51.55
705,Adrian,Hassall,ahassalljk@sitemeter.com,Male,59.130.120.210
706,Flynn,Stooders,fstoodersjl@delicious.com,Male,118.71.49.107
707,Billie,Corston,bcorstonjm@mediafire.com,Male,13.136.219.143
708,Lurleen,Olenin,loleninjn@comcast.net,Female,7.29.202.61
709,Monica,Allberry,mallberryjo@va.gov,Female,81.160.47.213
710,Modestine,Banisch,mbanischjp@mapquest.com,Female,204.109.132.20
711,Ronni,Meysham,rmeyshamjq@behance.net,Female,18.202.176.71
712,Georges,Curro,gcurrojr@cornell.edu,Male,82.25.207.89
713,Leo,Pynner,lpynnerjs@flavors.me,Male,74.249.155.235
714,Guillemette,Paddie,gpaddiejt@marriott.com,Female,197.58.19.140
715,Aristotle,Nuccii,anucciiju@angelfire.com,Male,208.76.24.138
716,Annora,Itzkovitch,aitzkovitchjv@prnewswire.com,Female,180.3.212.125
717,Kayla,Coverly,kcoverlyjw@tuttocitta.it,Female,250.126.66.95
718,Max,Overy,moveryjx@thetimes.co.uk,Female,32.149.124.89
719,Guinevere,Beggio,gbeggiojy@cbsnews.com,Female,211.58.93.190
720,Hedda,Koomar,hkoomarjz@boston.com,Female,92.49.3.21
721,Maure,Matthiesen,mmatthiesenk0@soup.io,Female,136.17.74.58
722,Elfie,Stannering,estanneringk1@reuters.com,Female,211.152.57.54
723,Chance,Klemz,cklemzk2@godaddy.com,Male,120.176.72.136
724,Korrie,Cartmel,kcartmelk3@wikimedia.org,Female,186.7.194.142
725,Alphonse,Tullis,atullisk4@macromedia.com,Male,29.221.123.78
726,Ashely,Hanwright,ahanwrightk5@istockphoto.com,Female,128.76.42.33
727,Trista,Loftin,tloftink6@marriott.com,Female,38.223.94.78
728,Nealy,Hagley,nhagleyk7@wikimedia.org,Male,251.117.46.100
729,Jodee,Brydell,jbrydellk8@artisteer.com,Female,168.60.208.4
730,Tiffani,Judge,tjudgek9@unc.edu,Female,190.130.241.79
731,Page,Wark,pwarkka@sciencedirect.com,Female,79.8.68.12
732,Idalia,Thoma,ithomakb@apache.org,Female,84.162.21.228
733,Desi,Samwyse,dsamwysekc@uiuc.edu,Male,172.206.78.232
734,Prisca,Munroe,pmunroekd@columbia.edu,Female,177.87.181.22
735,Briant,O'Fihily,bofihilyke@fda.gov,Male,159.65.187.206
736,Emelina,Vinick,evinickkf@unicef.org,Female,4.167.239.149
737,Thurston,Bumfrey,tbumfreykg@cafepress.com,Male,120.51.235.195
738,Hynda,Bullock,hbullockkh@tripod.com,Female,21.199.222.213
739,Graehme,Fancott,gfancottki@jigsy.com,Male,139.169.50.151
740,Mathias,Kinkade,mkinkadekj@bloomberg.com,Male,245.13.36.168
741,Remington,Vivyan,rvivyankk@psu.edu,Male,109.2.225.157
742,Manon,Blazic,mblazickl@csmonitor.com,Female,138.109.79.30
743,Sutherland,Shanahan,sshanahankm@thetimes.co.uk,Male,144.200.60.76
744,Kalvin,Almak,kalmakkn@godaddy.com,Male,141.227.211.119
745,Chelsae,Mokes,cmokesko@opensource.org,Female,1.242.211.191
746,Leisha,Meriot,lmeriotkp@dell.com,Female,216.45.150.98
747,Adele,Monnelly,amonnellykq@japanpost.jp,Female,122.207.185.224
748,Seka,Soldner,ssoldnerkr@icq.com,Female,228.25.50.37
749,Joey,Ivankovic,jivankovicks@economist.com,Female,168.55.156.251
750,Godart,Speir,gspeirkt@github.com,Male,231.170.225.3
751,Lebbie,Sleit,lsleitku@ft.com,Female,158.232.177.175
752,Alvis,Cyphus,acyphuskv@webs.com,Male,225.190.32.150
753,Talya,Lampkin,tlampkinkw@dot.gov,Female,254.91.112.233
754,Blanche,Shorton,bshortonkx@1688.com,Female,233.199.156.132
755,Lani,Loudian,lloudianky@tripod.com,Female,207.78.201.206
756,Malvin,Manuello,mmanuellokz@addthis.com,Male,129.170.124.44
757,Gilberta,Domenichini,gdomenichinil0@intel.com,Female,222.231.214.44
758,Eadith,Forrester,eforresterl1@nature.com,Female,84.186.187.144
759,Hernando,MacTerlagh,hmacterlaghl2@blogger.com,Male,51.38.170.44
760,Chris,Eales,cealesl3@bizjournals.com,Female,76.196.88.236
761,Marilee,Poynor,mpoynorl4@ehow.com,Female,111.221.43.144
762,Zoe,Gidney,zgidneyl5@amazon.com,Female,150.227.33.169
763,Devi,Alentyev,dalentyevl6@jimdo.com,Female,57.181.244.193
764,Obadias,McKenny,omckennyl7@mlb.com,Male,187.206.220.137
765,Orson,Rabat,orabatl8@accuweather.com,Male,4.107.153.2
766,Tonya,Ordidge,tordidgel9@w3.org,Female,82.63.40.182
767,Thornton,Wilfinger,twilfingerla@hugedomains.com,Male,41.35.42.170
768,Rafaellle,Tourville,rtourvillelb@usa.gov,Male,213.179.2.148
769,Yancy,Thominga,ythomingalc@apple.com,Male,20.202.221.211
770,Alwyn,McGinlay,amcginlayld@springer.com,Male,86.222.216.28
771,Billi,Nelmes,bnelmesle@tuttocitta.it,Female,155.94.67.87
772,Boothe,Riddeough,briddeoughlf@businessweek.com,Male,57.192.161.234
773,Shay,Ewings,sewingslg@ebay.com,Male,56.186.191.102
774,Timmi,Temporal,ttemporallh@rambler.ru,Female,108.218.67.213
775,Sher,Blaney,sblaneyli@phpbb.com,Female,97.157.126.192
776,Giana,Gerckens,ggerckenslj@wisc.edu,Female,38.44.11.141
777,Abagael,Cousans,acousanslk@wikimedia.org,Female,176.116.119.110
778,Deena,Nettle,dnettlell@mac.com,Female,165.125.134.79
779,Emogene,Kilpin,ekilpinlm@so-net.ne.jp,Female,154.110.198.141
780,Clint,Myrie,cmyrieln@ustream.tv,Male,15.245.194.114
781,Keith,Graalmans,kgraalmanslo@1und1.de,Male,233.113.29.139
782,Ginni,Piddick,gpiddicklp@nba.com,Female,113.25.95.161
783,Wallis,Ouldred,wouldredlq@earthlink.net,Female,202.140.32.58
784,Dasha,Putnam,dputnamlr@sogou.com,Female,92.146.172.146
785,Husein,Toolin,htoolinls@deliciousdays.com,Male,176.226.216.2
786,Grantham,Gavey,ggaveylt@skyrock.com,Male,199.187.193.174
787,Walker,Luberto,wlubertolu@ox.ac.uk,Male,205.148.213.211
788,Gretna,Macconaghy,gmacconaghylv@wikimedia.org,Female,209.236.170.127
789,Reynolds,Coldwell,rcoldwelllw@dell.com,Male,215.14.207.63
790,Lorrie,Truss,ltrusslx@xrea.com,Male,213.169.117.6
791,Natasha,Dymott,ndymottly@jalbum.net,Female,22.217.97.185
792,Tana,Dashkovich,tdashkovichlz@wikimedia.org,Female,153.22.74.107
793,Carmelina,Larkcum,clarkcumm0@upenn.edu,Female,72.165.232.98
794,Wyatan,Thies,wthiesm1@techcrunch.com,Male,117.21.52.97
795,Casper,Reedy,creedym2@hexun.com,Male,99.176.37.202
796,Janeta,Hancell,jhancellm3@webmd.com,Female,145.138.6.135
797,Bartie,Ketchaside,bketchasidem4@mozilla.com,Male,188.141.245.150
798,Lulita,Fowlie,lfowliem5@wunderground.com,Female,255.79.224.69
799,Pip,Suarez,psuarezm6@apple.com,Male,73.162.185.2
800,Briana,Lugg,bluggm7@dot.gov,Female,33.159.4.44
801,Darrel,Yvon,dyvonm8@hostgator.com,Male,132.128.114.186
802,Paula,Meneyer,pmeneyerm9@printfriendly.com,Female,207.186.67.253
803,Gayleen,Darycott,gdarycottma@vkontakte.ru,Female,55.92.255.233
804,Collette,Borrett,cborrettmb@stumbleupon.com,Female,232.53.229.151
805,Fax,Spur,fspurmc@edublogs.org,Male,175.153.132.163
806,Shir,Imrie,simriemd@blogspot.com,Female,55.242.150.190
807,Angelico,Brandreth,abrandrethme@blog.com,Male,7.127.68.209
808,Stormy,Elstub,selstubmf@bbb.org,Female,124.172.186.145
809,Hermie,Zamora,hzamoramg@nih.gov,Male,138.165.179.96
810,Jordan,Brockie,jbrockiemh@technorati.com,Female,213.226.153.52
811,Mattie,Plume,mplumemi@weather.com,Male,32.249.136.83
812,Cole,Michin,cmichinmj@pbs.org,Male,251.219.224.9
813,Caesar,Minett,cminettmk@mysql.com,Male,75.114.97.83
814,Misti,Crisell,mcrisellml@sciencedaily.com,Female,124.106.175.182
815,Evangelin,Fell,efellmm@blogtalkradio.com,Female,116.216.246.166
816,Garth,Hillock,ghillockmn@bbc.co.uk,Male,106.122.105.208
817,Augie,Damant,adamantmo@hugedomains.com,Male,177.188.195.80
818,Cody,McTurk,cmcturkmp@squidoo.com,Male,101.163.137.70
819,Kelila,Skipper,kskippermq@go.com,Female,81.186.111.166
820,Jami,Combes,jcombesmr@wsj.com,Female,49.110.69.218
821,Kaela,Farlow,kfarlowms@printfriendly.com,Female,5.169.76.128
822,Brena,Puddle,bpuddlemt@csmonitor.com,Female,148.221.232.166
823,Fern,Melhuish,fmelhuishmu@dion.ne.jp,Female,141.217.146.37
824,Ninnetta,Grogona,ngrogonamv@bbc.co.uk,Female,233.40.229.100
825,Fernandina,McAlarney,fmcalarneymw@hatena.ne.jp,Female,16.205.229.10
826,Boigie,Grayston,bgraystonmx@accuweather.com,Male,56.108.223.171
827,Mignon,O'Kieran,mokieranmy@simplemachines.org,Female,142.212.187.22
828,Kevon,Mannie,kmanniemz@seesaa.net,Male,145.91.236.96
829,Richie,Boyfield,rboyfieldn0@wunderground.com,Male,58.237.2.190
830,Tiphanie,Battany,tbattanyn1@ucsd.edu,Female,53.180.110.10
831,Caitrin,Stealfox,cstealfoxn2@t-online.de,Female,241.76.162.250
832,Cody,Lowe,clowen3@trellian.com,Male,59.96.250.153
833,Aurilia,Durrand,adurrandn4@jiathis.com,Female,235.89.203.54
834,Dannel,Withrington,dwithringtonn5@walmart.com,Male,101.95.221.169
835,Morrie,Peltz,mpeltzn6@time.com,Male,21.236.223.238
836,Alphonso,Huegett,ahuegettn7@smugmug.com,Male,138.49.109.24
837,Roley,Bliss,rblissn8@yelp.com,Male,133.178.234.187
838,Corie,Sreenan,csreenann9@go.com,Female,231.178.0.19
839,Aloise,Hutfield,ahutfieldna@seattletimes.com,Female,5.217.14.122
840,Olenka,Carlow,ocarlownb@google.it,Female,99.188.191.163
841,Chiquia,Sawyers,csawyersnc@paypal.com,Female,14.240.125.10
842,Adelind,Jackes,ajackesnd@issuu.com,Female,78.89.186.207
843,Devlen,Ellesworthe,dellesworthene@123-reg.co.uk,Male,134.97.206.111
844,Livvyy,Giraudou,lgiraudounf@squarespace.com,Female,86.245.92.243
845,Bambie,Capnerhurst,bcapnerhurstng@icio.us,Female,89.193.62.97
846,Flin,Seckington,fseckingtonnh@smh.com.au,Male,107.246.166.99
847,Vicki,Brewis,vbrewisni@ihg.com,Female,65.130.169.248
848,Ingmar,Sackur,isackurnj@flavors.me,Male,212.23.37.250
849,Emalee,Chater,echaternk@europa.eu,Female,207.244.195.39
850,Gunar,Stedall,gstedallnl@ameblo.jp,Male,173.71.177.151
851,Osbourne,Duffer,oduffernm@instagram.com,Male,19.199.179.48
852,Tedra,Tigwell,ttigwellnn@state.gov,Female,222.45.105.177
853,Towny,Clapston,tclapstonno@chron.com,Male,234.211.183.37
854,Goldina,Flemmich,gflemmichnp@cam.ac.uk,Female,38.162.185.245
855,Lynde,Faraker,lfarakernq@gizmodo.com,Female,38.20.64.165
856,Shirl,Ockenden,sockendennr@amazonaws.com,Female,55.208.52.58
857,Gayelord,Stallard,gstallardns@howstuffworks.com,Male,234.75.94.84
858,Catlaina,Kinset,ckinsetnt@istockphoto.com,Female,128.99.234.52
859,Sherm,Stonuary,sstonuarynu@army.mil,Male,36.178.119.221
860,Ulysses,Jimpson,ujimpsonnv@foxnews.com,Male,82.79.156.12
861,Albertina,Jeannequin,ajeannequinnw@bluehost.com,Female,63.168.205.77
862,Donica,Nashe,dnashenx@ask.com,Female,82.165.84.241
863,Bartlet,Yeliashev,byeliashevny@pinterest.com,Male,226.51.61.182
864,Jamima,Bache,jbachenz@yandex.ru,Female,190.123.83.191
865,Tremaine,Prevett,tprevetto0@imgur.com,Male,47.99.114.204
866,Arabela,Sealey,asealeyo1@etsy.com,Female,73.49.33.98
867,Nananne,Flancinbaum,nflancinbaumo2@trellian.com,Female,49.112.15.4
868,Melesa,MacGibbon,mmacgibbono3@jigsy.com,Female,186.91.141.47
869,Fay,Piell,fpiello4@spotify.com,Female,146.33.253.138
870,Orelle,Cadge,ocadgeo5@unicef.org,Female,158.52.63.88
871,Randall,Mitkin,rmitkino6@wix.com,Male,241.221.200.108
872,Darin,Rainer,drainero7@sourceforge.net,Male,196.103.134.170
873,Arvie,Fauning,afauningo8@wired.com,Male,99.16.228.37
874,Reid,Clubb,rclubbo9@qq.com,Male,40.179.5.83
875,Sileas,Gurden,sgurdenoa@hibu.com,Female,124.254.175.224
876,Humfrey,Astle,hastleob@indiegogo.com,Male,117.77.230.176
877,Marcos,Banbrigge,mbanbriggeoc@addthis.com,Male,201.89.65.194
878,Linzy,Salman,lsalmanod@mapy.cz,Female,92.113.178.244
879,Marlee,Fould,mfouldoe@amazon.de,Female,158.22.148.26
880,Nikolaos,Paulon,npaulonof@opensource.org,Male,78.222.81.255
881,Ignaz,Yitzhak,iyitzhakog@yandex.ru,Male,36.127.132.82
882,Clayton,Jentin,cjentinoh@cbc.ca,Male,145.131.36.210
883,Marline,Starbuck,mstarbuckoi@comcast.net,Female,80.47.228.104
884,Marylinda,Haward,mhawardoj@sina.com.cn,Female,43.84.148.41
885,Frannie,Bockings,fbockingsok@google.com,Female,202.139.201.163
886,Vere,Fawlkes,vfawlkesol@com.com,Female,150.247.37.19
887,Kayley,Varvell,kvarvellom@plala.or.jp,Female,189.72.50.102
888,Budd,Drakeley,bdrakeleyon@stumbleupon.com,Male,196.124.40.88
889,Phillis,Landis,plandisoo@cpanel.net,Female,60.85.12.136
890,Holly-anne,Berthelet,hbertheletop@bbb.org,Female,80.114.174.203
891,Jan,Nenci,jnencioq@whitehouse.gov,Male,246.106.38.143
892,Elaina,Willmett,ewillmettor@github.com,Female,133.235.156.77
893,Fey,Tremathack,ftremathackos@bandcamp.com,Female,2.216.5.219
894,Antons,Tregensoe,atregensoeot@ycombinator.com,Male,182.194.112.194
895,Orsa,Yapp,oyappou@lycos.com,Female,226.23.88.25
896,Amelie,Willishire,awillishireov@cbslocal.com,Female,245.223.127.39
897,Nolan,Deware,ndewareow@jigsy.com,Male,28.78.178.236
898,Dwight,McGarel,dmcgarelox@people.com.cn,Male,128.53.22.172
899,Thom,MacPaik,tmacpaikoy@ftc.gov,Male,55.184.11.94
900,Cornelia,Jarad,cjaradoz@parallels.com,Female,120.86.153.143
901,David,Eva,devap0@hatena.ne.jp,Male,4.185.238.121
902,Sunny,McInteer,smcinteerp1@ask.com,Female,31.188.239.61
903,Eddy,Bryceson,ebrycesonp2@washington.edu,Female,196.63.182.111
904,Morie,Gibard,mgibardp3@redcross.org,Male,54.235.241.134
905,Melva,Kunz,mkunzp4@reddit.com,Female,70.229.91.200
906,Gilly,Camden,gcamdenp5@mapy.cz,Female,87.123.112.116
907,Jessika,McCardle,jmccardlep6@bluehost.com,Female,100.148.106.125
908,Bruce,Smeaton,bsmeatonp7@auda.org.au,Male,65.95.72.8
909,Patti,Kilbane,pkilbanep8@photobucket.com,Female,172.138.249.217
910,Giustino,Roelofs,groelofsp9@loc.gov,Male,40.66.145.251
911,Javier,Hayes,jhayespa@tuttocitta.it,Male,105.88.93.144
912,Dixie,Cradey,dcradeypb@nationalgeographic.com,Female,42.80.42.223
913,Sean,Ayris,sayrispc@youku.com,Male,106.211.123.59
914,Randi,Trytsman,rtrytsmanpd@mtv.com,Female,8.167.112.37
915,Delmer,Rennicks,drennickspe@istockphoto.com,Male,240.44.36.60
916,Ethelin,Poinsett,epoinsettpf@paginegialle.it,Female,86.116.183.167
917,Riordan,Knowles,rknowlespg@msu.edu,Male,124.187.144.120
918,Otes,Braidon,obraidonph@mayoclinic.com,Male,47.101.208.168
919,Corny,Merrigans,cmerriganspi@bbc.co.uk,Female,224.92.81.97
920,Berkie,Swanborrow,bswanborrowpj@nydailynews.com,Male,84.99.214.216
921,Emalia,Kliement,ekliementpk@china.com.cn,Female,220.194.124.166
922,Corrine,Grunbaum,cgrunbaumpl@goo.ne.jp,Female,112.9.188.159
923,Alleyn,Dangerfield,adangerfieldpm@nymag.com,Male,252.188.17.137
924,Morrie,Crowcroft,mcrowcroftpn@reuters.com,Male,82.14.21.130
925,Star,O'Shields,soshieldspo@forbes.com,Female,11.26.181.134
926,Giacopo,Brave,gbravepp@slate.com,Male,96.40.102.210
927,Gavan,Plampin,gplampinpq@php.net,Male,145.115.224.140
928,Nikos,Wraxall,nwraxallpr@slideshare.net,Male,172.59.5.238
929,Cazzie,Curl,ccurlps@skype.com,Male,147.247.234.126
930,Daryle,Reany,dreanypt@privacy.gov.au,Male,97.91.47.199
931,Timoteo,Noni,tnonipu@wix.com,Male,26.1.172.71
932,Brittne,Dumini,bduminipv@mashable.com,Female,199.0.142.130
933,Brooks,Sympson,bsympsonpw@plala.or.jp,Male,152.11.186.60
934,Arabella,Feye,afeyepx@china.com.cn,Female,147.108.13.153
935,Sascha,Searsby,ssearsbypy@blogtalkradio.com,Female,213.94.199.202
936,Janaye,McMenemy,jmcmenemypz@geocities.jp,Female,211.94.129.240
937,Toby,Gilogly,tgiloglyq0@wp.com,Male,11.233.179.185
938,Mikaela,Abate,mabateq1@who.int,Female,155.179.118.49
939,Edgar,Iacofo,eiacofoq2@about.me,Male,38.100.56.148
940,Farlay,Castiblanco,fcastiblancoq3@hugedomains.com,Male,13.18.249.61
941,Cesaro,Rogers,crogersq4@usatoday.com,Male,19.158.138.43
942,Quintina,Spray,qsprayq5@github.com,Female,62.181.216.243
943,Emmery,Vaugham,evaughamq6@123-reg.co.uk,Male,127.106.185.96
944,Ber,Ruler,brulerq7@360.cn,Male,83.101.40.116
945,Morgun,Buckham,mbuckhamq8@latimes.com,Male,30.106.132.193
946,Allegra,Dingley,adingleyq9@google.de,Female,120.52.184.211
947,Guss,Waker,gwakerqa@bluehost.com,Male,6.248.96.63
948,Hamish,Gigg,hgiggqb@shutterfly.com,Male,7.20.215.56
949,Katinka,Merriment,kmerrimentqc@dropbox.com,Female,13.43.187.182
950,Marinna,Burnitt,mburnittqd@weibo.com,Female,158.227.124.94
951,Jasmin,Bertome,jbertomeqe@eventbrite.com,Female,75.237.90.165
952,Filide,Muzzullo,fmuzzulloqf@msn.com,Female,36.227.254.59
953,Stephenie,Rotter,srotterqg@printfriendly.com,Female,70.44.180.143
954,Gwenette,Lyston,glystonqh@qq.com,Female,97.163.21.143
955,Giacomo,De Michetti,gdemichettiqi@xrea.com,Male,30.60.41.77
956,Teddy,Krysztofiak,tkrysztofiakqj@123-reg.co.uk,Male,50.65.217.83
957,Hewitt,Gillean,hgilleanqk@ihg.com,Male,183.242.86.159
958,Eldridge,Moncaster,emoncasterql@chicagotribune.com,Male,95.78.21.72
959,Louisette,Hastings,lhastingsqm@chicagotribune.com,Female,114.67.225.7
960,Norton,Bleesing,nbleesingqn@symantec.com,Male,1.184.143.207
961,Emile,Leneham,elenehamqo@skyrock.com,Male,93.19.140.131
962,Dayle,Tearny,dtearnyqp@google.com.hk,Female,83.142.245.189
963,Jade,Girardoni,jgirardoniqq@51.la,Female,43.66.181.221
964,Alane,Rays,araysqr@weibo.com,Female,41.24.183.119
965,Madelena,Northage,mnorthageqs@slashdot.org,Female,222.128.63.100
966,Arielle,Frend,afrendqt@xrea.com,Female,61.194.187.56
967,Caryl,Arnett,carnettqu@psu.edu,Female,140.231.209.111
968,Abigail,Lack,alackqv@sbwire.com,Female,50.207.243.242
969,Christoph,MacNab,cmacnabqw@sfgate.com,Male,22.92.100.79
970,Jammie,Aberdalgy,jaberdalgyqx@weibo.com,Female,180.244.95.43
971,Chucho,Kirtland,ckirtlandqy@bigcartel.com,Male,2.68.195.86
972,Marybelle,Turpin,mturpinqz@mit.edu,Female,133.10.111.157
973,Riva,Hort,rhortr0@state.gov,Female,171.30.248.223
974,Rolph,Ottee,rotteer1@tiny.cc,Male,51.166.107.69
975,Emeline,Batchelar,ebatchelarr2@symantec.com,Female,65.185.91.141
976,Shayna,Scouse,sscouser3@imgur.com,Female,52.55.119.214
977,Hadrian,Edwins,hedwinsr4@smh.com.au,Male,27.142.75.178
978,Darnall,Walczak,dwalczakr5@issuu.com,Male,170.147.127.17
979,Annecorinne,Barbour,abarbourr6@livejournal.com,Female,47.33.123.141
980,Trip,Maxwell,tmaxwellr7@gov.uk,Male,132.144.86.130
981,Alfonse,Boorman,aboormanr8@hp.com,Male,129.103.189.240
982,Gilberta,Kearey,gkeareyr9@moonfruit.com,Female,219.195.207.71
983,Kyrstin,Frye,kfryera@tripadvisor.com,Female,138.27.20.177
984,Baxie,De Mars,bdemarsrb@japanpost.jp,Male,162.47.53.71
985,Caspar,Coltman,ccoltmanrc@census.gov,Male,10.147.27.63
986,Cariotta,Gretton,cgrettonrd@wix.com,Female,20.139.208.4
987,Kennie,Loren,klorenre@shop-pro.jp,Male,199.65.111.13
988,Richy,Dawber,rdawberrf@nps.gov,Male,42.165.232.155
989,Hugibert,Stot,hstotrg@live.com,Male,32.224.219.39
990,Saunderson,Kindle,skindlerh@telegraph.co.uk,Male,191.92.41.22
991,Madeleine,De la Zenne,mdelazenneri@nymag.com,Female,226.150.63.254
992,Joe,Beade,jbeaderj@aboutads.info,Male,129.104.195.189
993,Martin,Gant,mgantrk@un.org,Male,36.77.167.135
994,Alyss,Pfeffer,apfefferrl@washingtonpost.com,Female,213.66.69.56
995,Perceval,Bebis,pbebisrm@yolasite.com,Male,142.154.229.134
996,Thornton,Pottberry,tpottberryrn@engadget.com,Male,19.134.66.241
997,Geraldine,Skittrell,gskittrellro@hostgator.com,Female,42.253.183.255
998,Rog,Neilly,rneillyrp@vinaora.com,Male,29.178.44.78
999,Lorain,Zappel,lzappelrq@sciencedaily.com,Female,85.151.139.135
1000,Hildagarde,Edridge,hedridgerr@desdev.cn,Female,167.177.62.117
